,stim,word,correct,onset,rt,resp
2,king,yes,0.0,4.015784375020303,0.8863231659634039,right
0,gidn,no,1.0,11.044781791977584,1.114245373988524,right
1,film,yes,0.0,18.070253834011964,0.9639290409395471,right
